<eagle version="6.1"><drawing><settings><setting alwaysvectorfont="no" verticaltext="up"/></settings><grid distance="0.1" unitdist="inch" unit="inch" style="lines" multiple="1" display="no" altdistance="0.01" altunitdist="inch" altunit="inch"/><layers><layer number="91" name="Nets" color="2" fill="1" visible="yes" active="yes"/><layer number="92" name="Busses" color="1" fill="1" visible="yes" active="yes"/><layer number="93" name="Pins" color="2" fill="1" visible="no" active="yes"/><layer number="94" name="Symbols" color="4" fill="1" visible="yes" active="yes"/><layer number="95" name="Names" color="7" fill="1" visible="yes" active="yes"/><layer number="96" name="Values" color="7" fill="1" visible="yes" active="yes"/><layer number="97" name="Info" color="7" fill="1" visible="yes" active="yes"/><layer number="98" name="Guide" color="6" fill="1" visible="yes" active="yes"/></layers><schematic><libraries><library name="AcceleratedDesigns_Lib"><packages><package name="0805"><pad name="1" drill="0" y="0" x="-0.9017"/><pad name="2" drill="0" y="0" x="0.9017"/></package><package name="0603"><pad name="1" drill="0" y="0" x="-0.6985"/><pad name="2" drill="0" y="0" x="0.6985"/></package><package name="1206"><pad name="1" drill="0" y="0" x="-1.4986"/><pad name="2" drill="0" y="0" x="1.4986"/></package><package name="0402"><pad name="1" drill="0" y="0" x="-0.4191"/><pad name="2" drill="0" y="0" x="0.4191"/></package><package name="1206_180"><pad name="1" drill="0" y="0" x="-1.4986"/><pad name="2" drill="0" y="0" x="1.4986"/></package><package name="SMC"><pad name="1" drill="0" y="0" x="-3.3147"/><pad name="2" drill="0" y="0" x="3.3147"/></package><package name="MSS1260"><pad name="1" drill="0" y="0" x="-4.2418"/><pad name="2" drill="0" y="0" x="4.2418"/></package><package name="S-PWQFN-N16"><pad name="1" drill="0" y="0.75" x="-1.25"/><pad name="2" drill="0" y="0.25" x="-1.25"/><pad name="3" drill="0" y="-0.25" x="-1.25"/><pad name="4" drill="0" y="-0.75" x="-1.25"/><pad name="5" drill="0" y="-1.25" x="-0.75"/><pad name="6" drill="0" y="-1.25" x="-0.25"/><pad name="7" drill="0" y="-1.25" x="0.25"/><pad name="8" drill="0" y="-1.25" x="0.75"/><pad name="9" drill="0" y="-0.75" x="1.25"/><pad name="10" drill="0" y="-0.25" x="1.25"/><pad name="11" drill="0" y="0.25" x="1.25"/><pad name="12" drill="0" y="0.75" x="1.25"/><pad name="13" drill="0" y="1.25" x="0.75"/><pad name="14" drill="0" y="1.25" x="0.25"/><pad name="15" drill="0" y="1.25" x="-0.25"/><pad name="16" drill="0" y="1.25" x="-0.75"/><pad name="17" drill="0" y="0" x="0"/></package><package name="WB_CURRENT_LOAD"><pad name="1" drill="0" y="0" x="0"/><pad name="2" drill="0" y="0" x="0"/></package><package name="WB_GND"><pad name="1" drill="0" y="0" x="0"/></package><package name="WB_BATTERY"><pad name="1" drill="0" y="0" x="0"/><pad name="2" drill="0" y="0" x="0"/></package></packages><symbols><symbol name="UMK212B7104KG-T@1"><pin name="1@1" x="7.62" y="0" rot="MR0" direction="pas" length="short" visible="off" swaplevel="0"/><pin name="2@2" x="-7.62" y="0" rot="MR180" direction="pas" length="short" visible="off" swaplevel="0"/><wire x1="7.62" y1="0" x2="5.08" y2="0" width="0.1524" layer="94"/><wire x1="-7.62" y1="0" x2="-5.08" y2="0" width="0.1524" layer="94"/><wire x1="0.762" y1="-3.048" x2="0.762" y2="3.048" width="0.1524" layer="94"/><wire x1="-5.08" y1="0" x2="-0.762" y2="0" width="0.1524" layer="94"/><wire x1="0.762" y1="0" x2="5.08" y2="0" width="0.1524" layer="94"/><wire x1="-0.762" y1="-3.048" x2="-0.762" y2="3.048" width="0.1524" layer="94"/><text size="2" x="0" y="7.62" layer="95" align="center">&gt;NAME</text><text size="2" x="0" y="5.08" layer="96" align="center">&gt;VALUE</text></symbol><symbol name="GRM188R71C223KA01D@1"><pin name="1@1" x="7.62" y="0" rot="MR0" direction="pas" length="short" visible="off" swaplevel="0"/><pin name="2@2" x="-7.62" y="0" rot="MR180" direction="pas" length="short" visible="off" swaplevel="0"/><wire x1="7.62" y1="0" x2="5.08" y2="0" width="0.1524" layer="94"/><wire x1="-7.62" y1="0" x2="-5.08" y2="0" width="0.1524" layer="94"/><wire x1="0.762" y1="-3.048" x2="0.762" y2="3.048" width="0.1524" layer="94"/><wire x1="-5.08" y1="0" x2="-0.762" y2="0" width="0.1524" layer="94"/><wire x1="0.762" y1="0" x2="5.08" y2="0" width="0.1524" layer="94"/><wire x1="-0.762" y1="-3.048" x2="-0.762" y2="3.048" width="0.1524" layer="94"/><text size="2" x="0" y="7.62" layer="95" align="center">&gt;NAME</text><text size="2" x="0" y="5.08" layer="96" align="center">&gt;VALUE</text></symbol><symbol name="CRCW080510K0FKEA@1"><pin name="1@1" x="7.62" y="0" rot="MR0" direction="pas" length="short" visible="off" swaplevel="0"/><pin name="2@2" x="-7.62" y="0" rot="MR180" direction="pas" length="short" visible="off" swaplevel="0"/><wire x1="7.62" y1="0" x2="5.08" y2="0" width="0.1524" layer="94"/><wire x1="5.08" y1="0" x2="3.81" y2="1.524" width="0.1524" layer="94"/><wire x1="3.81" y1="1.524" x2="1.905" y2="-1.524" width="0.1524" layer="94"/><wire x1="1.905" y1="-1.524" x2="0" y2="1.524" width="0.1524" layer="94"/><wire x1="0" y1="1.524" x2="-1.905" y2="-1.524" width="0.1524" layer="94"/><wire x1="-1.905" y1="-1.524" x2="-3.81" y2="1.524" width="0.1524" layer="94"/><wire x1="-3.81" y1="1.524" x2="-5.08" y2="0" width="0.1524" layer="94"/><wire x1="-5.08" y1="0" x2="-7.62" y2="0" width="0.1524" layer="94"/><text size="2" x="0" y="5.715" layer="95" align="center">&gt;NAME</text><text size="2" x="0" y="3.175" layer="96" align="center">&gt;VALUE</text></symbol><symbol name="C3216C0G1H683J160AA@1"><pin name="1@1" x="7.62" y="0" rot="MR0" direction="pas" length="short" visible="off" swaplevel="0"/><pin name="2@2" x="-7.62" y="0" rot="MR180" direction="pas" length="short" visible="off" swaplevel="0"/><wire x1="7.62" y1="0" x2="5.08" y2="0" width="0.1524" layer="94"/><wire x1="-7.62" y1="0" x2="-5.08" y2="0" width="0.1524" layer="94"/><wire x1="0.762" y1="-3.048" x2="0.762" y2="3.048" width="0.1524" layer="94"/><wire x1="-5.08" y1="0" x2="-0.762" y2="0" width="0.1524" layer="94"/><wire x1="0.762" y1="0" x2="5.08" y2="0" width="0.1524" layer="94"/><wire x1="-0.762" y1="-3.048" x2="-0.762" y2="3.048" width="0.1524" layer="94"/><text size="2" x="0" y="7.62" layer="95" align="center">&gt;NAME</text><text size="2" x="0" y="5.08" layer="96" align="center">&gt;VALUE</text></symbol><symbol name="C0402C112J5GAC7867@1"><pin name="1@1" x="7.62" y="0" rot="MR0" direction="pas" length="short" visible="off" swaplevel="0"/><pin name="2@2" x="-7.62" y="0" rot="MR180" direction="pas" length="short" visible="off" swaplevel="0"/><wire x1="7.62" y1="0" x2="5.08" y2="0" width="0.1524" layer="94"/><wire x1="-7.62" y1="0" x2="-5.08" y2="0" width="0.1524" layer="94"/><wire x1="0.762" y1="-3.048" x2="0.762" y2="3.048" width="0.1524" layer="94"/><wire x1="-5.08" y1="0" x2="-0.762" y2="0" width="0.1524" layer="94"/><wire x1="0.762" y1="0" x2="5.08" y2="0" width="0.1524" layer="94"/><wire x1="-0.762" y1="-3.048" x2="-0.762" y2="3.048" width="0.1524" layer="94"/><text size="2" x="0" y="7.62" layer="95" align="center">&gt;NAME</text><text size="2" x="0" y="5.08" layer="96" align="center">&gt;VALUE</text></symbol><symbol name="ERJ-6ENF3242V@1"><pin name="1@1" x="7.62" y="0" rot="MR0" direction="pas" length="short" visible="off" swaplevel="0"/><pin name="2@2" x="-7.62" y="0" rot="MR180" direction="pas" length="short" visible="off" swaplevel="0"/><wire x1="7.62" y1="0" x2="5.08" y2="0" width="0.1524" layer="94"/><wire x1="5.08" y1="0" x2="3.81" y2="1.524" width="0.1524" layer="94"/><wire x1="3.81" y1="1.524" x2="1.905" y2="-1.524" width="0.1524" layer="94"/><wire x1="1.905" y1="-1.524" x2="0" y2="1.524" width="0.1524" layer="94"/><wire x1="0" y1="1.524" x2="-1.905" y2="-1.524" width="0.1524" layer="94"/><wire x1="-1.905" y1="-1.524" x2="-3.81" y2="1.524" width="0.1524" layer="94"/><wire x1="-3.81" y1="1.524" x2="-5.08" y2="0" width="0.1524" layer="94"/><wire x1="-5.08" y1="0" x2="-7.62" y2="0" width="0.1524" layer="94"/><text size="2" x="0" y="5.715" layer="95" align="center">&gt;NAME</text><text size="2" x="0" y="3.175" layer="96" align="center">&gt;VALUE</text></symbol><symbol name="C2012X5R1V106K085AC@1"><pin name="1@1" x="7.62" y="0" rot="MR0" direction="pas" length="short" visible="off" swaplevel="0"/><pin name="2@2" x="-7.62" y="0" rot="MR180" direction="pas" length="short" visible="off" swaplevel="0"/><wire x1="7.62" y1="0" x2="5.08" y2="0" width="0.1524" layer="94"/><wire x1="-7.62" y1="0" x2="-5.08" y2="0" width="0.1524" layer="94"/><wire x1="0.762" y1="-3.048" x2="0.762" y2="3.048" width="0.1524" layer="94"/><wire x1="-5.08" y1="0" x2="-0.762" y2="0" width="0.1524" layer="94"/><wire x1="0.762" y1="0" x2="5.08" y2="0" width="0.1524" layer="94"/><wire x1="-0.762" y1="-3.048" x2="-0.762" y2="3.048" width="0.1524" layer="94"/><text size="2" x="0" y="7.62" layer="95" align="center">&gt;NAME</text><text size="2" x="0" y="5.08" layer="96" align="center">&gt;VALUE</text></symbol><symbol name="WB_CURRENT_LOAD@1"><pin name="+@1" x="-7.62" y="0" rot="MR180" direction="pas" length="short" visible="off" swaplevel="0"/><pin name="-@2" x="7.62" y="0" rot="MR0" direction="pas" length="short" visible="off" swaplevel="0"/><wire cap="round" x1="-3.80144541893069" y1="6.11111003035226E-05" x2="-2.68631595182662" y2="-2.68638598005626" layer="94" curve="44.25835" width="0.1524"/><wire cap="round" x1="-2.7008340002096" y1="-2.70084492188432" x2="-3.010245531766E-05" y2="-3.82193519093877" layer="94" curve="44.8182" width="0.1524"/><wire cap="round" x1="-1.47901228405671E-05" y1="-3.81607473385618" x2="2.69671339012067" y2="-2.69667753776659" layer="94" curve="45.38076" width="0.1524"/><wire cap="round" x1="2.69020543466835" y1="-2.69018253944063" x2="3.80688023502889" y2="-1.58895406142942E-05" layer="94" curve="45.58721" width="0.1524"/><wire cap="round" x1="3.80144542387741" y1="-6.17958751984642E-05" x2="2.68631643327033" y2="2.68638549307261" layer="94" curve="44.25835" width="0.1524"/><wire cap="round" x1="2.70083237377049" y1="2.70084654561062" x2="2.78042467919214E-05" y2="3.82193519631281" layer="94" curve="44.8182" width="0.1524"/><wire cap="round" x1="1.57980194586995E-05" y1="3.81607473126472" x2="-2.69671268033746" y2="2.69667825335733" layer="94" curve="45.38076" width="0.1524"/><wire cap="round" x1="-2.69020543466835" y1="2.69018253944063" x2="-3.80688023502889" y2="1.58895406171733E-05" layer="94" curve="45.58721" width="0.1524"/><wire x1="7.62" y1="0" x2="3.81" y2="0" width="0.1524" layer="94"/><wire x1="-3.81" y1="0" x2="-7.62" y2="0" width="0.1524" layer="94"/><wire x1="0.762" y1="-1.778" x2="3.048" y2="0" width="0.1524" layer="94"/><wire x1="0.762" y1="1.778" x2="3.048" y2="0" width="0.1524" layer="94"/><wire x1="3.048" y1="0" x2="-3.048" y2="0" width="0.1524" layer="94"/></symbol><symbol name="SL44-E3/57T@1"><pin name="A@1" x="7.62" y="0" rot="MR0" direction="pas" length="short" visible="off" swaplevel="0"/><pin name="K@2" x="-7.62" y="0" rot="MR180" direction="pas" length="short" visible="off" swaplevel="0"/><wire x1="-7.62" y1="0" x2="7.62" y2="0" width="0.1524" layer="94"/><polygon width="0.1524" layer="94"><vertex x="2.032" y="2.54"/><vertex x="-2.032" y="0"/><vertex x="2.032" y="-2.54"/></polygon><wire x1="-2.794" y1="2.032" x2="-2.794" y2="2.54" width="0.1524" layer="94"/><wire x1="-2.794" y1="2.54" x2="-2.032" y2="2.54" width="0.1524" layer="94"/><wire x1="-2.032" y1="2.54" x2="-2.032" y2="-2.54" width="0.1524" layer="94"/><wire x1="-2.032" y1="-2.54" x2="-1.27" y2="-2.54" width="0.1524" layer="94"/><wire x1="-1.27" y1="-2.54" x2="-1.27" y2="-2.032" width="0.1524" layer="94"/><text size="2" x="0" y="10.16" layer="95" align="center">&gt;NAME</text><text size="2" x="0" y="7.62" layer="96" align="center">&gt;VALUE</text></symbol><symbol name="WB_GND@1"><pin name="1@1" x="0" y="2.54" rot="MR270" direction="pas" length="short" visible="off" swaplevel="0"/><wire x1="0" y1="2.54" x2="0" y2="0" width="0.1524" layer="94"/><wire x1="-3.302" y1="0" x2="3.302" y2="0" width="0.1524" layer="94"/><wire x1="-2.286" y1="-1.016" x2="2.286" y2="-1.016" width="0.1524" layer="94"/><wire x1="-0.762" y1="-2.032" x2="0.762" y2="-2.032" width="0.1524" layer="94"/></symbol><symbol name="MSS1260-123MLB@1"><pin name="2@2" x="7.62" y="0" rot="MR0" direction="pas" length="short" visible="off" swaplevel="0"/><pin name="1@1" x="-7.62" y="0" rot="MR180" direction="pas" length="short" visible="off" swaplevel="0"/><wire cap="round" x1="2.70086965376353" y1="0.835686125023295" x2="2.5488127292636" y2="-6.24799789495706E-04" layer="94" curve="12.47546" width="0.1524"/><wire cap="round" x1="3.80990829544782" y1="1.85597139451402" x2="2.69064524918793" y2="0.838459388755286" layer="94" curve="78.62357" width="0.1524"/><wire cap="round" x1="4.90450120907934" y1="0.838494459997258" x2="3.81012877640754" y2="1.85651641360845" layer="94" curve="79.52696" width="0.1524"/><wire cap="round" x1="5.08194212297714" y1="7.65933497371016E-02" x2="4.90412159312222" y2="0.838683789637753" layer="94" curve="2.683002" width="0.1524"/><wire x1="5.08" y1="7.32740090825246E-14" x2="7.62" y2="8.71708039085205E-14" width="0.1524" layer="94"/><wire cap="round" x1="0.160869647012591" y1="0.835686120495971" x2="8.81272251266148E-03" y2="-6.24804316819648E-04" layer="94" curve="12.47546" width="0.1524"/><wire cap="round" x1="1.26990852880952" y1="1.85597126998469" x2="0.150645552335143" y2="0.838459735984588" layer="94" curve="78.62355" width="0.1524"/><wire cap="round" x1="2.36450120579728" y1="0.838494428025542" x2="1.27012877312548" y2="1.85651638163673" layer="94" curve="79.52696" width="0.1524"/><wire cap="round" x1="2.53556331240561" y1="-0.177885354456139" x2="2.35799865867502" y2="0.83677165558159" layer="94" curve="17.67289" width="0.1524"/><wire cap="round" x1="-2.37913022471952" y1="0.835686100537919" x2="-2.53118714921945" y2="-6.24824274872179E-04" layer="94" curve="12.47546" width="0.1524"/><wire cap="round" x1="-1.27009153439261" y1="1.85597127646014" x2="-2.38935453412885" y2="0.838459585207164" layer="94" curve="78.62356" width="0.1524"/><wire cap="round" x1="-0.17549876466415" y1="0.838494473537584" x2="-1.26987119733595" y2="1.85651642714878" layer="94" curve="79.52696" width="0.1524"/><wire cap="round" x1="-4.43666361586885E-03" y1="-0.177885358125391" x2="-0.182001317346461" y2="0.836771651912338" layer="94" curve="17.67289" width="0.1524"/><wire x1="-7.62" y1="1.31748834064638E-14" x2="-5.08" y2="1.3716316971113E-14" width="0.1524" layer="94"/><wire cap="round" x1="-4.91913036648931" y1="0.835686111441321" x2="-5.07118729098924" y2="-6.2481337147006E-04" layer="94" curve="12.47546" width="0.1524"/><wire cap="round" x1="-3.81009141933233" y1="1.85597124231149" x2="-4.9293543958067" y2="0.838459708311387" layer="94" curve="78.62355" width="0.1524"/><wire cap="round" x1="-2.71549867276639" y1="0.838494472482158" x2="-3.80987126078252" y2="1.85651643468738" layer="94" curve="79.52697" width="0.1524"/><wire cap="round" x1="-2.54443665882017" y1="-0.177885354014588" x2="-2.72200131255076" y2="0.836771656023141" layer="94" curve="17.67289" width="0.1524"/><wire cap="round" x1="-2.54499763137906" y1="2.51755460236626E-03" x2="-2.54499765572502" y2="-0.180317541662839" layer="94" curve="53.47319" width="0.1524"/><wire cap="round" x1="-4.99761237348031E-03" y1="2.51757271580121E-03" x2="-4.9976367194459E-03" y2="-0.180317523549404" layer="94" curve="53.47319" width="0.1524"/><wire cap="round" x1="2.53500243197289" y1="2.51757460827418E-03" x2="2.53500238936746" y2="-0.180317485409697" layer="94" curve="53.47318" width="0.1524"/><text size="2" x="0" y="5.715" layer="95" align="center">&gt;NAME</text><text size="2" x="0" y="3.175" layer="96" align="center">&gt;VALUE</text></symbol><symbol name="ERJ-6ENF1961V@1"><pin name="1@1" x="7.62" y="0" rot="MR0" direction="pas" length="short" visible="off" swaplevel="0"/><pin name="2@2" x="-7.62" y="0" rot="MR180" direction="pas" length="short" visible="off" swaplevel="0"/><wire x1="7.62" y1="0" x2="5.08" y2="0" width="0.1524" layer="94"/><wire x1="5.08" y1="0" x2="3.81" y2="1.524" width="0.1524" layer="94"/><wire x1="3.81" y1="1.524" x2="1.905" y2="-1.524" width="0.1524" layer="94"/><wire x1="1.905" y1="-1.524" x2="0" y2="1.524" width="0.1524" layer="94"/><wire x1="0" y1="1.524" x2="-1.905" y2="-1.524" width="0.1524" layer="94"/><wire x1="-1.905" y1="-1.524" x2="-3.81" y2="1.524" width="0.1524" layer="94"/><wire x1="-3.81" y1="1.524" x2="-5.08" y2="0" width="0.1524" layer="94"/><wire x1="-5.08" y1="0" x2="-7.62" y2="0" width="0.1524" layer="94"/><text size="2" x="0" y="5.715" layer="95" align="center">&gt;NAME</text><text size="2" x="0" y="3.175" layer="96" align="center">&gt;VALUE</text></symbol><symbol name="TPS55340QRTERQ1@1"><pin name="SW@1" x="17.78" y="12.7" rot="MR0" direction="pas" length="short" visible="both" swaplevel="0"/><pin name="VIN@4" x="-17.78" y="12.7" rot="MR180" direction="pas" length="short" visible="both" swaplevel="0"/><pin name="EN@5" x="-17.78" y="7.62" rot="MR180" direction="pas" length="short" visible="both" swaplevel="0"/><pin name="SS@6" x="-17.78" y="-10.16" rot="MR180" direction="pas" length="short" visible="both" swaplevel="0"/><pin name="SYNC@7" x="10.16" y="-19.05" rot="MR90" direction="pas" length="short" visible="both" swaplevel="0"/><pin name="AGND@8" x="-10.16" y="-19.05" rot="MR90" direction="pas" length="short" visible="both" swaplevel="0"/><pin name="COMP@9" x="17.78" y="0" rot="MR0" direction="pas" length="short" visible="both" swaplevel="0"/><pin name="FB@10" x="17.78" y="7.62" rot="MR0" direction="pas" length="short" visible="both" swaplevel="0"/><pin name="FREQ@11" x="-17.78" y="2.54" rot="MR180" direction="pas" length="short" visible="both" swaplevel="0"/><pin name="PGND@12" x="0" y="-19.05" rot="MR90" direction="pas" length="short" visible="both" swaplevel="0"/><pin name="DNC@17" x="-17.78" y="-6.35" rot="MR180" direction="pas" length="short" visible="both" swaplevel="0"/><wire x1="-15.24" y1="16.51" x2="15.24" y2="16.51" width="0.1524" layer="94"/><wire x1="15.24" y1="16.51" x2="15.24" y2="-16.51" width="0.1524" layer="94"/><wire x1="15.24" y1="-16.51" x2="-15.24" y2="-16.51" width="0.1524" layer="94"/><wire x1="-15.24" y1="-16.51" x2="-15.24" y2="16.51" width="0.1524" layer="94"/><wire x1="17.78" y1="12.7" x2="15.24" y2="12.7" width="0.1524" layer="94"/><wire x1="-17.78" y1="12.7" x2="-15.24" y2="12.7" width="0.1524" layer="94"/><wire x1="-17.78" y1="7.62" x2="-15.24" y2="7.62" width="0.1524" layer="94"/><wire x1="-17.78" y1="-10.16" x2="-15.24" y2="-10.16" width="0.1524" layer="94"/><wire x1="10.16" y1="-19.05" x2="10.16" y2="-16.51" width="0.1524" layer="94"/><wire x1="-10.16" y1="-19.05" x2="-10.16" y2="-16.51" width="0.1524" layer="94"/><wire x1="17.78" y1="0" x2="15.24" y2="0" width="0.1524" layer="94"/><wire x1="17.78" y1="7.62" x2="15.24" y2="7.62" width="0.1524" layer="94"/><wire x1="-17.78" y1="2.54" x2="-15.24" y2="2.54" width="0.1524" layer="94"/><wire x1="0" y1="-19.05" x2="0" y2="-16.51" width="0.1524" layer="94"/><wire x1="-17.78" y1="-6.35" x2="-15.24" y2="-6.35" width="0.1524" layer="94"/><text size="2" x="0.473230855539972" y="5.17762791023843" layer="95" align="center">&gt;NAME</text><text size="2" x="-0.165010939691444" y="-2.12669485741001" layer="96" align="center">&gt;VALUE</text><pin name="SW@2" x="17.78" y="12.7" rot="MR0" direction="pas" length="short" visible="off" swaplevel="0"/><pin name="SW@3" x="17.78" y="12.7" rot="MR0" direction="pas" length="short" visible="off" swaplevel="0"/><pin name="PGND@13" x="0" y="-19.05" rot="MR90" direction="pas" length="short" visible="off" swaplevel="0"/><pin name="PGND@14" x="0" y="-19.05" rot="MR90" direction="pas" length="short" visible="off" swaplevel="0"/><pin name="ETPAD@15" x="0" y="-19.05" rot="MR90" direction="pas" length="short" visible="off" swaplevel="0"/><pin name="DNC@16" x="-17.78" y="-6.35" rot="MR180" direction="pas" length="short" visible="off" swaplevel="0"/></symbol><symbol name="ERJ-6ENF2323V@1"><pin name="1@1" x="7.62" y="0" rot="MR0" direction="pas" length="short" visible="off" swaplevel="0"/><pin name="2@2" x="-7.62" y="0" rot="MR180" direction="pas" length="short" visible="off" swaplevel="0"/><wire x1="7.62" y1="0" x2="5.08" y2="0" width="0.1524" layer="94"/><wire x1="5.08" y1="0" x2="3.81" y2="1.524" width="0.1524" layer="94"/><wire x1="3.81" y1="1.524" x2="1.905" y2="-1.524" width="0.1524" layer="94"/><wire x1="1.905" y1="-1.524" x2="0" y2="1.524" width="0.1524" layer="94"/><wire x1="0" y1="1.524" x2="-1.905" y2="-1.524" width="0.1524" layer="94"/><wire x1="-1.905" y1="-1.524" x2="-3.81" y2="1.524" width="0.1524" layer="94"/><wire x1="-3.81" y1="1.524" x2="-5.08" y2="0" width="0.1524" layer="94"/><wire x1="-5.08" y1="0" x2="-7.62" y2="0" width="0.1524" layer="94"/><text size="2" x="0" y="5.715" layer="95" align="center">&gt;NAME</text><text size="2" x="0" y="3.175" layer="96" align="center">&gt;VALUE</text></symbol><symbol name="C3216X5R1H685K160AB@1"><pin name="1@1" x="7.62" y="0" rot="MR0" direction="pas" length="short" visible="off" swaplevel="0"/><pin name="2@2" x="-7.62" y="0" rot="MR180" direction="pas" length="short" visible="off" swaplevel="0"/><wire x1="7.62" y1="0" x2="5.08" y2="0" width="0.1524" layer="94"/><wire x1="-7.62" y1="0" x2="-5.08" y2="0" width="0.1524" layer="94"/><wire x1="0.762" y1="-3.048" x2="0.762" y2="3.048" width="0.1524" layer="94"/><wire x1="-5.08" y1="0" x2="-0.762" y2="0" width="0.1524" layer="94"/><wire x1="0.762" y1="0" x2="5.08" y2="0" width="0.1524" layer="94"/><wire x1="-0.762" y1="-3.048" x2="-0.762" y2="3.048" width="0.1524" layer="94"/><text size="2" x="0" y="7.62" layer="95" align="center">&gt;NAME</text><text size="2" x="0" y="5.08" layer="96" align="center">&gt;VALUE</text></symbol><symbol name="WB_BATTERY@1"><pin name="+@1" x="-7.62" y="0" rot="MR180" direction="pas" length="short" visible="off" swaplevel="0"/><pin name="-@2" x="7.62" y="0" rot="MR0" direction="pas" length="short" visible="off" swaplevel="0"/><wire x1="-2.032" y1="0" x2="-7.62" y2="0" width="0.1524" layer="94"/><wire x1="-1.778" y1="-3.048" x2="-1.778" y2="3.048" width="0.1524" layer="94"/><wire x1="1.016" y1="-3.048" x2="1.016" y2="3.048" width="0.1524" layer="94"/><wire x1="7.62" y1="0" x2="2.794" y2="0" width="0.1524" layer="94"/><wire x1="-0.508" y1="-1.27" x2="-0.508" y2="1.27" width="0.1524" layer="94"/><wire x1="-0.254" y1="-1.27" x2="-0.254" y2="1.27" width="0.1524" layer="94"/><wire x1="-3.556" y1="2.286" x2="-3.556" y2="3.81" width="0.1524" layer="94"/><wire x1="-2.794" y1="3.048" x2="-4.318" y2="3.048" width="0.1524" layer="94"/><wire x1="3.302" y1="2.54" x2="3.302" y2="3.81" width="0.1524" layer="94"/><wire x1="2.54" y1="-1.27" x2="2.54" y2="1.27" width="0.1524" layer="94"/><wire x1="2.286" y1="-1.27" x2="2.286" y2="1.27" width="0.1524" layer="94"/><text size="2" x="0" y="5.08" layer="95" align="center">&gt;NAME</text></symbol><symbol name="C1608X5R1H105K080AB@1"><pin name="1@1" x="7.62" y="0" rot="MR0" direction="pas" length="short" visible="off" swaplevel="0"/><pin name="2@2" x="-7.62" y="0" rot="MR180" direction="pas" length="short" visible="off" swaplevel="0"/><wire x1="7.62" y1="0" x2="5.08" y2="0" width="0.1524" layer="94"/><wire x1="-7.62" y1="0" x2="-5.08" y2="0" width="0.1524" layer="94"/><wire x1="0.762" y1="-3.048" x2="0.762" y2="3.048" width="0.1524" layer="94"/><wire x1="-5.08" y1="0" x2="-0.762" y2="0" width="0.1524" layer="94"/><wire x1="0.762" y1="0" x2="5.08" y2="0" width="0.1524" layer="94"/><wire x1="-0.762" y1="-3.048" x2="-0.762" y2="3.048" width="0.1524" layer="94"/><text size="2" x="0" y="7.62" layer="95" align="center">&gt;NAME</text><text size="2" x="0" y="5.08" layer="96" align="center">&gt;VALUE</text></symbol></symbols><devicesets><deviceset name="UMK212B7104KG-T" prefix=""><gates><gate name="1" addlevel="always" y="0" x="0" symbol="UMK212B7104KG-T@1"/></gates><devices><device name="UMK212B7104KG-T" package="0805"><connects><connect pad="1" pin="1@1" gate="1"/><connect pad="2" pin="2@2" gate="1"/></connects><technologies><technology name=""><attribute name="Cap" value="1.0E-7" constant="no"/><attribute name="ESR" value="0.0" constant="no"/><attribute name="IRMS" value="0.0" constant="no"/><attribute name="VDC" value="50.0" constant="no"/><attribute name="Manufacturer_Part_Number" value="UMK212B7104KG-T" constant="no"/><attribute name="Vendor" value="Taiyo Yuden" constant="no"/><attribute name="Manufacturer_Name" value="Taiyo Yuden" constant="no"/></technology></technologies></device></devices></deviceset><deviceset name="GRM188R71C223KA01D" prefix=""><gates><gate name="1" addlevel="always" y="0" x="0" symbol="GRM188R71C223KA01D@1"/></gates><devices><device name="GRM188R71C223KA01D" package="0603"><connects><connect pad="1" pin="1@1" gate="1"/><connect pad="2" pin="2@2" gate="1"/></connects><technologies><technology name=""><attribute name="Cap" value="2.2E-8" constant="no"/><attribute name="ESR" value="0.0" constant="no"/><attribute name="IRMS" value="0.0" constant="no"/><attribute name="VDC" value="16.0" constant="no"/><attribute name="Manufacturer_Part_Number" value="GRM188R71C223KA01D" constant="no"/><attribute name="Vendor" value="MuRata" constant="no"/><attribute name="Manufacturer_Name" value="MuRata" constant="no"/></technology></technologies></device></devices></deviceset><deviceset name="CRCW080510K0FKEA" prefix=""><gates><gate name="1" addlevel="always" y="0" x="0" symbol="CRCW080510K0FKEA@1"/></gates><devices><device name="CRCW080510K0FKEA" package="0805"><connects><connect pad="1" pin="1@1" gate="1"/><connect pad="2" pin="2@2" gate="1"/></connects><technologies><technology name=""><attribute name="Resistance" value="10000.0" constant="no"/><attribute name="Power" value="0.125" constant="no"/><attribute name="Tolerance" value="1.0" constant="no"/><attribute name="Manufacturer_Part_Number" value="CRCW080510K0FKEA" constant="no"/><attribute name="Vendor" value="Vishay-Dale" constant="no"/><attribute name="Manufacturer_Name" value="Vishay-Dale" constant="no"/></technology></technologies></device></devices></deviceset><deviceset name="C3216C0G1H683J160AA" prefix=""><gates><gate name="1" addlevel="always" y="0" x="0" symbol="C3216C0G1H683J160AA@1"/></gates><devices><device name="C3216C0G1H683J160AA" package="1206"><connects><connect pad="1" pin="1@1" gate="1"/><connect pad="2" pin="2@2" gate="1"/></connects><technologies><technology name=""><attribute name="Datasheet_URL" value="http://product.tdk.com/capacitor/mlcc/en/documents/mlcc%5Fcommercial%5Fgeneral%5Fen.pdf" constant="no"/><attribute name="Cap" value="6.8E-8" constant="no"/><attribute name="ESR" value="0.0" constant="no"/><attribute name="IRMS" value="0.0" constant="no"/><attribute name="VDC" value="5.0" constant="no"/><attribute name="Manufacturer_Part_Number" value="C3216C0G1H683J160AA" constant="no"/><attribute name="Vendor" value="TDK" constant="no"/><attribute name="Manufacturer_Name" value="TDK" constant="no"/></technology></technologies></device></devices></deviceset><deviceset name="C0402C112J5GAC7867" prefix=""><gates><gate name="1" addlevel="always" y="0" x="0" symbol="C0402C112J5GAC7867@1"/></gates><devices><device name="C0402C112J5GAC7867" package="0402"><connects><connect pad="1" pin="1@1" gate="1"/><connect pad="2" pin="2@2" gate="1"/></connects><technologies><technology name=""><attribute name="Datasheet_URL" value="http://www.kemet.com/docfinder?Partnumber%3DC0402C112J5GAC7867" constant="no"/><attribute name="Cap" value="1.1E-9" constant="no"/><attribute name="ESR" value="0.0" constant="no"/><attribute name="IRMS" value="0.0" constant="no"/><attribute name="VDC" value="5.0" constant="no"/><attribute name="Manufacturer_Part_Number" value="C0402C112J5GAC7867" constant="no"/><attribute name="Vendor" value="Kemet" constant="no"/><attribute name="Manufacturer_Name" value="Kemet" constant="no"/></technology></technologies></device></devices></deviceset><deviceset name="ERJ-6ENF3242V" prefix=""><gates><gate name="1" addlevel="always" y="0" x="0" symbol="ERJ-6ENF3242V@1"/></gates><devices><device name="ERJ-6ENF3242V" package="0805"><connects><connect pad="1" pin="1@1" gate="1"/><connect pad="2" pin="2@2" gate="1"/></connects><technologies><technology name=""><attribute name="Resistance" value="32400.0" constant="no"/><attribute name="Power" value="0.125" constant="no"/><attribute name="Tolerance" value="1.0" constant="no"/><attribute name="Manufacturer_Part_Number" value="ERJ-6ENF3242V" constant="no"/><attribute name="Vendor" value="Panasonic" constant="no"/><attribute name="Manufacturer_Name" value="Panasonic" constant="no"/></technology></technologies></device></devices></deviceset><deviceset name="C2012X5R1V106K085AC" prefix=""><gates><gate name="1" addlevel="always" y="0" x="0" symbol="C2012X5R1V106K085AC@1"/></gates><devices><device name="C2012X5R1V106K085AC" package="0805"><connects><connect pad="1" pin="1@1" gate="1"/><connect pad="2" pin="2@2" gate="1"/></connects><technologies><technology name=""><attribute name="Datasheet_URL" value="https://product.tdk.com/en/search/capacitor/ceramic/mlcc/info?part%5Fno%3DC2012X5R1V106K085AC" constant="no"/><attribute name="Cap" value="1.0E-5" constant="no"/><attribute name="ESR" value="0.002818" constant="no"/><attribute name="IRMS" value="3.88676" constant="no"/><attribute name="VDC" value="35.0" constant="no"/><attribute name="Manufacturer_Part_Number" value="C2012X5R1V106K085AC" constant="no"/><attribute name="Vendor" value="TDK" constant="no"/><attribute name="Manufacturer_Name" value="TDK" constant="no"/></technology></technologies></device></devices></deviceset><deviceset name="WB_CURRENT_LOAD" prefix=""><gates><gate name="1" addlevel="always" y="0" x="0" symbol="WB_CURRENT_LOAD@1"/></gates><devices><device name="WB_CURRENT_LOAD" package="WB_CURRENT_LOAD"><connects><connect pad="1" pin="+@1" gate="1"/><connect pad="2" pin="-@2" gate="1"/></connects><technologies><technology name=""><attribute name="Value" value="Value" constant="no"/><attribute name="Manufacturer_Part_Number" value="WB_CURRENT_LOAD" constant="no"/><attribute name="Manufacturer_Name" value="WB_CURRENT_LOAD" constant="no"/><attribute name="PowerPortType" value="POWER_GROUND" constant="no"/></technology></technologies></device></devices></deviceset><deviceset name="SL44-E3/57T" prefix=""><gates><gate name="1" addlevel="always" y="0" x="0" symbol="SL44-E3/57T@1"/></gates><devices><device name="SL44-E3/57T" package="SMC"><connects><connect pad="2" pin="A@1" gate="1"/><connect pad="1" pin="K@2" gate="1"/></connects><technologies><technology name=""><attribute name="Datasheet_URL" value="http://www.vishay.com/docs/88742/88742.pdf" constant="no"/><attribute name="Io" value="4.0" constant="no"/><attribute name="VRRM" value="40.0" constant="no"/><attribute name="VFatIo" value="0.44" constant="no"/><attribute name="Manufacturer_Part_Number" value="SL44-E3/57T" constant="no"/><attribute name="Vendor" value="Vishay-Semiconductor" constant="no"/><attribute name="Manufacturer_Name" value="Vishay-Semiconductor" constant="no"/></technology></technologies></device></devices></deviceset><deviceset name="WB_GND" prefix=""><gates><gate name="1" addlevel="always" y="0" x="0" symbol="WB_GND@1"/></gates><devices><device name="WB_GND" package="WB_GND"><connects><connect pad="1" pin="1@1" gate="1"/></connects><technologies><technology name=""><attribute name="Value" value="Value" constant="no"/><attribute name="Manufacturer_Part_Number" value="WB_GND" constant="no"/><attribute name="Manufacturer_Name" value="WB_GND" constant="no"/><attribute name="PowerPortType" value="POWER_GROUND" constant="no"/></technology></technologies></device></devices></deviceset><deviceset name="MSS1260-123MLB" prefix=""><gates><gate name="1" addlevel="always" y="0" x="0" symbol="MSS1260-123MLB@1"/></gates><devices><device name="MSS1260-123MLB" package="MSS1260"><connects><connect pad="1" pin="1@1" gate="1"/><connect pad="2" pin="2@2" gate="1"/></connects><technologies><technology name=""><attribute name="L" value="1.2E-5" constant="no"/><attribute name="DCR" value="0.02" constant="no"/><attribute name="IDC" value="3.7" constant="no"/><attribute name="Manufacturer_Part_Number" value="MSS1260-123MLB" constant="no"/><attribute name="Vendor" value="Coilcraft" constant="no"/><attribute name="Manufacturer_Name" value="Coilcraft" constant="no"/></technology></technologies></device></devices></deviceset><deviceset name="ERJ-6ENF1961V" prefix=""><gates><gate name="1" addlevel="always" y="0" x="0" symbol="ERJ-6ENF1961V@1"/></gates><devices><device name="ERJ-6ENF1961V" package="0805"><connects><connect pad="1" pin="1@1" gate="1"/><connect pad="2" pin="2@2" gate="1"/></connects><technologies><technology name=""><attribute name="Resistance" value="1960.0" constant="no"/><attribute name="Power" value="0.125" constant="no"/><attribute name="Tolerance" value="1.0" constant="no"/><attribute name="Manufacturer_Part_Number" value="ERJ-6ENF1961V" constant="no"/><attribute name="Vendor" value="Panasonic" constant="no"/><attribute name="Manufacturer_Name" value="Panasonic" constant="no"/></technology></technologies></device></devices></deviceset><deviceset name="TPS55340QRTERQ1" prefix=""><gates><gate name="1" addlevel="always" y="0" x="0" symbol="TPS55340QRTERQ1@1"/></gates><devices><device name="TPS55340QRTERQ1" package="S-PWQFN-N16"><connects><connect pad="1" pin="SW@1" gate="1"/><connect pad="15" pin="SW@2" gate="1"/><connect pad="16" pin="SW@3" gate="1"/><connect pad="2" pin="VIN@4" gate="1"/><connect pad="3" pin="EN@5" gate="1"/><connect pad="4" pin="SS@6" gate="1"/><connect pad="5" pin="SYNC@7" gate="1"/><connect pad="6" pin="AGND@8" gate="1"/><connect pad="7" pin="COMP@9" gate="1"/><connect pad="8" pin="FB@10" gate="1"/><connect pad="9" pin="FREQ@11" gate="1"/><connect pad="11" pin="PGND@12" gate="1"/><connect pad="12" pin="PGND@13" gate="1"/><connect pad="13" pin="PGND@14" gate="1"/><connect pad="17" pin="ETPAD@15" gate="1"/><connect pad="14" pin="DNC@16" gate="1"/><connect pad="10" pin="DNC@17" gate="1"/></connects><technologies><technology name=""><attribute name="Datasheet_URL" value="http://www.ti.com/product/tps55340" constant="no"/><attribute name="Frequency" value="1200000.0" constant="no"/><attribute name="Imax" value="5.0" constant="no"/><attribute name="Package" value="HTSSOP" constant="no"/><attribute name="Mktg_Package" value="HTSSOP" constant="no"/><attribute name="NSID" value="" constant="no"/><attribute name="Manufacturer_Part_Number" value="TPS55340RTER" constant="no"/><attribute name="Vendor" value="Texas Instruments" constant="no"/><attribute name="Manufacturer_Name" value="Texas Instruments" constant="no"/></technology></technologies></device></devices></deviceset><deviceset name="ERJ-6ENF2323V" prefix=""><gates><gate name="1" addlevel="always" y="0" x="0" symbol="ERJ-6ENF2323V@1"/></gates><devices><device name="ERJ-6ENF2323V" package="0805"><connects><connect pad="1" pin="1@1" gate="1"/><connect pad="2" pin="2@2" gate="1"/></connects><technologies><technology name=""><attribute name="Resistance" value="232000.0" constant="no"/><attribute name="Power" value="0.125" constant="no"/><attribute name="Tolerance" value="1.0" constant="no"/><attribute name="Manufacturer_Part_Number" value="ERJ-6ENF2323V" constant="no"/><attribute name="Vendor" value="Panasonic" constant="no"/><attribute name="Manufacturer_Name" value="Panasonic" constant="no"/></technology></technologies></device></devices></deviceset><deviceset name="C3216X5R1H685K160AB" prefix=""><gates><gate name="1" addlevel="always" y="0" x="0" symbol="C3216X5R1H685K160AB@1"/></gates><devices><device name="C3216X5R1H685K160AB" package="1206_180"><connects><connect pad="1" pin="1@1" gate="1"/><connect pad="2" pin="2@2" gate="1"/></connects><technologies><technology name=""><attribute name="Datasheet_URL" value="https://product.tdk.com/en/search/capacitor/ceramic/mlcc/info?part%5Fno%3DC3216X5R1H685K160AB" constant="no"/><attribute name="Cap" value="6.8E-6" constant="no"/><attribute name="ESR" value="0.003202" constant="no"/><attribute name="IRMS" value="4.05527" constant="no"/><attribute name="VDC" value="50.0" constant="no"/><attribute name="Manufacturer_Part_Number" value="C3216X5R1H685K160AB" constant="no"/><attribute name="Vendor" value="TDK" constant="no"/><attribute name="Manufacturer_Name" value="TDK" constant="no"/></technology></technologies></device></devices></deviceset><deviceset name="WB_BATTERY" prefix=""><gates><gate name="1" addlevel="always" y="0" x="0" symbol="WB_BATTERY@1"/></gates><devices><device name="WB_BATTERY" package="WB_BATTERY"><connects><connect pad="1" pin="+@1" gate="1"/><connect pad="2" pin="-@2" gate="1"/></connects><technologies><technology name=""><attribute name="Value" value="Value" constant="no"/><attribute name="Manufacturer_Part_Number" value="WB_BATTERY" constant="no"/><attribute name="Manufacturer_Name" value="WB_BATTERY" constant="no"/><attribute name="PowerPortType" value="POWER_GROUND" constant="no"/></technology></technologies></device></devices></deviceset><deviceset name="C1608X5R1H105K080AB" prefix=""><gates><gate name="1" addlevel="always" y="0" x="0" symbol="C1608X5R1H105K080AB@1"/></gates><devices><device name="C1608X5R1H105K080AB" package="0603"><connects><connect pad="1" pin="1@1" gate="1"/><connect pad="2" pin="2@2" gate="1"/></connects><technologies><technology name=""><attribute name="Datasheet_URL" value="https://product.tdk.com/en/search/capacitor/ceramic/mlcc/info?part%5Fno%3DC1608X5R1H105K080AB" constant="no"/><attribute name="Cap" value="1.0E-6" constant="no"/><attribute name="ESR" value="0.005522" constant="no"/><attribute name="IRMS" value="2.21617" constant="no"/><attribute name="VDC" value="50.0" constant="no"/><attribute name="Manufacturer_Part_Number" value="C1608X5R1H105K080AB" constant="no"/><attribute name="Vendor" value="TDK" constant="no"/><attribute name="Manufacturer_Name" value="TDK" constant="no"/></technology></technologies></device></devices></deviceset></devicesets></library></libraries><attributes/><variantdefs/><classes><class number="0" name="default" width="0" drill="0"/></classes><parts><part name="CINX" library="AcceleratedDesigns_Lib" device="UMK212B7104KG-T" deviceset="UMK212B7104KG-T" value="100nF"/><part name="CSS" library="AcceleratedDesigns_Lib" device="GRM188R71C223KA01D" deviceset="GRM188R71C223KA01D" value="22nF"/><part name="RFBB" library="AcceleratedDesigns_Lib" device="CRCW080510K0FKEA" deviceset="CRCW080510K0FKEA" value="10k"/><part name="CCOMP" library="AcceleratedDesigns_Lib" device="C3216C0G1H683J160AA" deviceset="C3216C0G1H683J160AA" value="68nF"/><part name="CCOMP2" library="AcceleratedDesigns_Lib" device="C0402C112J5GAC7867" deviceset="C0402C112J5GAC7867" value="1.1nF"/><part name="RT" library="AcceleratedDesigns_Lib" device="ERJ-6ENF3242V" deviceset="ERJ-6ENF3242V" value="32.4k"/><part name="CIN" library="AcceleratedDesigns_Lib" device="C2012X5R1V106K085AC" deviceset="C2012X5R1V106K085AC" value="10uF"/><part name="COUT" library="AcceleratedDesigns_Lib" device="C3216X5R1H685K160AB" deviceset="C3216X5R1H685K160AB" value="6.8uF"/><part name="D1" library="AcceleratedDesigns_Lib" device="SL44-E3/57T" deviceset="SL44-E3/57T" value="440mV"/><part name="GND" library="AcceleratedDesigns_Lib" device="WB_GND" deviceset="WB_GND" value="WB_GND"/><part name="L1" library="AcceleratedDesigns_Lib" device="MSS1260-123MLB" deviceset="MSS1260-123MLB" value="12uH"/><part name="RCOMP" library="AcceleratedDesigns_Lib" device="ERJ-6ENF1961V" deviceset="ERJ-6ENF1961V" value="1.96k"/><part name="U1" library="AcceleratedDesigns_Lib" device="TPS55340QRTERQ1" deviceset="TPS55340QRTERQ1" value="TPS55340QRTERQ1"/><part name="RFBT" library="AcceleratedDesigns_Lib" device="ERJ-6ENF2323V" deviceset="ERJ-6ENF2323V" value="232k"/><part name="COUTX" library="AcceleratedDesigns_Lib" device="C1608X5R1H105K080AB" deviceset="C1608X5R1H105K080AB" value="1uF"/><part name="VIN" library="AcceleratedDesigns_Lib" device="WB_BATTERY" deviceset="WB_BATTERY" value="WB_BATTERY"/><part name="IOUT" library="AcceleratedDesigns_Lib" device="WB_CURRENT_LOAD" deviceset="WB_CURRENT_LOAD" value="WB_CURRENT_LOAD"/><part name="COUT_2" library="AcceleratedDesigns_Lib" device="C3216X5R1H685K160AB" deviceset="C3216X5R1H685K160AB" value="6.8uF"/><part name="COUT_3" library="AcceleratedDesigns_Lib" device="C3216X5R1H685K160AB" deviceset="C3216X5R1H685K160AB" value="6.8uF"/><part name="COUTX_2" library="AcceleratedDesigns_Lib" device="C1608X5R1H105K080AB" deviceset="C1608X5R1H105K080AB" value="1uF"/><part name="COUTX_3" library="AcceleratedDesigns_Lib" device="C1608X5R1H105K080AB" deviceset="C1608X5R1H105K080AB" value="1uF"/></parts><sheets><sheet><plain/><instances><instance part="Cinx" gate="1" x="92.71" y="63.5" rot="R90" smashed="yes"><attribute name="NAME" x="95.758" y="67.818" size="2" layer="95" rot="R0" align="bottom-left"/><attribute name="VALUE" x="95.758" y="63.246" size="2" layer="96" rot="R0" align="bottom-left"/></instance><instance part="Css" gate="1" x="147.32" y="48.26" rot="R90" smashed="yes"><attribute name="NAME" x="150.368" y="52.578" size="2" layer="95" rot="R0" align="bottom-left"/><attribute name="VALUE" x="150.368" y="48.006" size="2" layer="96" rot="R0" align="bottom-left"/></instance><instance part="Rfbb" gate="1" x="257.81" y="45.72" rot="R90" smashed="yes"><attribute name="NAME" x="259.334" y="48.514" size="2" layer="95" rot="R0" align="bottom-left"/><attribute name="VALUE" x="259.334" y="43.942" size="2" layer="96" rot="R0" align="bottom-left"/></instance><instance part="Ccomp" gate="1" x="228.6" y="45.72" rot="R90" smashed="yes"><attribute name="NAME" x="231.648" y="50.038" size="2" layer="95" rot="R0" align="bottom-left"/><attribute name="VALUE" x="231.648" y="45.466" size="2" layer="96" rot="R0" align="bottom-left"/></instance><instance part="Ccomp2" gate="1" x="201.93" y="38.1" rot="R270" smashed="yes"><attribute name="NAME" x="204.978" y="42.418" size="2" layer="95" rot="R0" align="bottom-left"/><attribute name="VALUE" x="204.978" y="37.846" size="2" layer="96" rot="R0" align="bottom-left"/></instance><instance part="Rt" gate="1" x="121.92" y="55.88" rot="R90" smashed="yes"><attribute name="NAME" x="123.444" y="58.674" size="2" layer="95" rot="R0" align="bottom-left"/><attribute name="VALUE" x="123.444" y="54.102" size="2" layer="96" rot="R0" align="bottom-left"/></instance><instance part="Cin" gate="1" x="57.15" y="63.5" rot="R90" smashed="yes"><attribute name="NAME" x="60.198" y="67.818" size="2" layer="95" rot="R0" align="bottom-left"/><attribute name="VALUE" x="60.198" y="63.246" size="2" layer="96" rot="R0" align="bottom-left"/></instance><instance part="Cout" gate="1" x="287.02" y="60.96" rot="R90" smashed="yes"><attribute name="NAME" x="290.068" y="65.278" size="2" layer="95" rot="R0" align="bottom-left"/><attribute name="VALUE" x="290.068" y="60.706" size="2" layer="96" rot="R0" align="bottom-left"/></instance><instance part="D1" gate="1" x="238.76" y="86.36" rot="R180" smashed="yes"><attribute name="NAME" x="238.76" y="92.456" size="2" layer="95" rot="R0" align="bottom-center"/><attribute name="VALUE" x="238.76" y="79.502" size="2" layer="96" rot="R0" align="bottom-center"/></instance><instance part="GND" gate="1" x="199.39" y="27.94" rot="R0" smashed="yes"><attribute name="NAME" x="199.39" y="33.528" size="2" layer="95" display="off" rot="R0" align="bottom-center"/></instance><instance part="L1" gate="1" x="190.5" y="113.03" rot="R0" smashed="yes"><attribute name="NAME" x="190.5" y="117.348" size="2" layer="95" rot="R0" align="bottom-center"/><attribute name="VALUE" x="190.5" y="107.95" size="2" layer="96" rot="R0" align="bottom-center"/></instance><instance part="Rcomp" gate="1" x="217.17" y="58.42" rot="R0" smashed="yes"><attribute name="NAME" x="217.17" y="62.992" size="2" layer="95" rot="R0" align="bottom-center"/><attribute name="VALUE" x="217.17" y="53.086" size="2" layer="96" rot="R0" align="bottom-center"/></instance><instance part="U1" gate="1" x="181.61" y="73.66" rot="R0" smashed="yes"><attribute name="NAME" x="181.61" y="73.66" size="2" layer="95" rot="R0" align="bottom-center"/><attribute name="TYPE" x="181.61" y="69.85" size="2" layer="96" rot="R0" align="bottom-center"/></instance><instance part="Rfbt" gate="1" x="257.81" y="76.2" rot="R90" smashed="yes"><attribute name="NAME" x="259.334" y="78.994" size="2" layer="95" rot="R0" align="bottom-left"/><attribute name="VALUE" x="259.334" y="74.422" size="2" layer="96" rot="R0" align="bottom-left"/></instance><instance part="Coutx" gate="1" x="345.44" y="48.26" rot="R90" smashed="yes"><attribute name="NAME" x="348.488" y="52.578" size="2" layer="95" rot="R0" align="bottom-left"/><attribute name="VALUE" x="348.488" y="48.006" size="2" layer="96" rot="R0" align="bottom-left"/></instance><instance part="Vin" gate="1" x="29.21" y="66.04" rot="R270" smashed="yes"><attribute name="NAME" x="33.02" y="71.12" size="2" layer="95" rot="R0" align="bottom-left"/></instance><instance part="Iout" gate="1" x="408.94" y="50.8" rot="R270" smashed="yes"><attribute name="NAME" x="413.004" y="56.134" size="2" layer="95" rot="R0" align="bottom-left"/></instance><instance part="Cout_2" gate="1" x="304.8" y="60.96" rot="R90" smashed="yes"><attribute name="NAME" x="307.848" y="65.278" size="2" layer="95" rot="R0" align="bottom-left"/><attribute name="VALUE" x="307.848" y="60.706" size="2" layer="96" rot="R0" align="bottom-left"/></instance><instance part="Cout_3" gate="1" x="322.58" y="60.96" rot="R90" smashed="yes"><attribute name="NAME" x="325.628" y="65.278" size="2" layer="95" rot="R0" align="bottom-left"/><attribute name="VALUE" x="325.628" y="60.706" size="2" layer="96" rot="R0" align="bottom-left"/></instance><instance part="Coutx_2" gate="1" x="363.22" y="48.26" rot="R90" smashed="yes"><attribute name="NAME" x="366.268" y="52.578" size="2" layer="95" rot="R0" align="bottom-left"/><attribute name="VALUE" x="366.268" y="48.006" size="2" layer="96" rot="R0" align="bottom-left"/></instance><instance part="Coutx_3" gate="1" x="381" y="48.26" rot="R90" smashed="yes"><attribute name="NAME" x="384.048" y="52.578" size="2" layer="95" rot="R0" align="bottom-left"/><attribute name="VALUE" x="384.048" y="48.006" size="2" layer="96" rot="R0" align="bottom-left"/></instance></instances><busses/><nets><net name="3" class="0"><segment><pinref part="Cinx" pin="1@1" gate="1"/><pinref part="Cin" pin="1@1" gate="1"/><pinref part="L1" pin="1@1" gate="1"/><pinref part="U1" pin="VIN@4" gate="1"/><pinref part="U1" pin="EN@5" gate="1"/><pinref part="Vin" pin="+@1" gate="1"/><wire x1="57.15" y1="71.12" x2="57.15" y2="86.36" width="0" layer="91"/><wire x1="152.4" y1="86.36" x2="152.4" y2="81.28" width="0" layer="91"/><wire x1="92.71" y1="71.12" x2="92.71" y2="86.36" width="0" layer="91"/><wire x1="152.4" y1="81.28" x2="163.83" y2="81.28" width="0" layer="91"/><wire x1="157.48" y1="113.03" x2="157.48" y2="86.36" width="0" layer="91"/><wire x1="157.48" y1="113.03" x2="182.88" y2="113.03" width="0" layer="91"/><wire x1="29.21" y1="86.36" x2="163.83" y2="86.36" width="0" layer="91"/><wire x1="29.21" y1="86.36" x2="31.75" y2="86.36" width="0" layer="91"/><wire x1="29.21" y1="73.66" x2="29.21" y2="86.36" width="0" layer="91"/><wire x1="29.21" y1="83.82" x2="29.21" y2="86.36" width="0" layer="91"/><wire x1="29.21" y1="83.82" x2="29.21" y2="86.36" width="0" layer="91"/><wire x1="29.21" y1="83.82" x2="29.21" y2="86.36" width="0" layer="91"/><wire x1="29.21" y1="83.82" x2="29.21" y2="86.36" width="0" layer="91"/><wire x1="29.21" y1="83.82" x2="29.21" y2="86.36" width="0" layer="91"/><wire x1="29.21" y1="83.82" x2="29.21" y2="86.36" width="0" layer="91"/><wire x1="29.21" y1="83.82" x2="29.21" y2="86.36" width="0" layer="91"/><wire x1="29.21" y1="83.82" x2="29.21" y2="86.36" width="0" layer="91"/><wire x1="29.21" y1="83.82" x2="29.21" y2="86.36" width="0" layer="91"/><wire x1="29.21" y1="83.82" x2="29.21" y2="86.36" width="0" layer="91"/><wire x1="29.21" y1="83.82" x2="29.21" y2="86.36" width="0" layer="91"/><wire x1="29.21" y1="83.82" x2="29.21" y2="86.36" width="0" layer="91"/><wire x1="29.21" y1="83.82" x2="29.21" y2="86.36" width="0" layer="91"/><wire x1="29.21" y1="83.82" x2="29.21" y2="86.36" width="0" layer="91"/><wire x1="29.21" y1="83.82" x2="29.21" y2="86.36" width="0" layer="91"/><wire x1="29.21" y1="83.82" x2="29.21" y2="86.36" width="0" layer="91"/><wire x1="29.21" y1="83.82" x2="29.21" y2="86.36" width="0" layer="91"/><wire x1="29.21" y1="83.82" x2="29.21" y2="86.36" width="0" layer="91"/></segment></net><net name="0" class="0"><segment><pinref part="Cinx" pin="2@2" gate="1"/><pinref part="Css" pin="2@2" gate="1"/><pinref part="Rfbb" pin="2@2" gate="1"/><pinref part="Ccomp" pin="2@2" gate="1"/><pinref part="Ccomp2" pin="1@1" gate="1"/><pinref part="Rt" pin="2@2" gate="1"/><pinref part="Cin" pin="2@2" gate="1"/><pinref part="Cout" pin="2@2" gate="1"/><pinref part="GND" pin="1@1" gate="1"/><pinref part="U1" pin="AGND@8" gate="1"/><pinref part="U1" pin="ETPAD@15" gate="1"/><pinref part="U1" pin="PGND@14" gate="1"/><pinref part="U1" pin="PGND@13" gate="1"/><pinref part="U1" pin="PGND@12" gate="1"/><pinref part="Coutx" pin="2@2" gate="1"/><pinref part="Vin" pin="-@2" gate="1"/><pinref part="Iout" pin="-@2" gate="1"/><pinref part="Cout_2" pin="2@2" gate="1"/><pinref part="Cout_3" pin="2@2" gate="1"/><pinref part="Coutx_2" pin="2@2" gate="1"/><pinref part="Coutx_3" pin="2@2" gate="1"/><wire x1="345.44" y1="30.48" x2="345.44" y2="40.64" width="0" layer="91"/><wire x1="345.44" y1="30.48" x2="345.44" y2="33.02" width="0" layer="91"/><wire x1="345.44" y1="30.48" x2="345.44" y2="33.02" width="0" layer="91"/><wire x1="345.44" y1="30.48" x2="345.44" y2="33.02" width="0" layer="91"/><wire x1="345.44" y1="30.48" x2="345.44" y2="33.02" width="0" layer="91"/><wire x1="345.44" y1="30.48" x2="345.44" y2="33.02" width="0" layer="91"/><wire x1="345.44" y1="30.48" x2="345.44" y2="33.02" width="0" layer="91"/><wire x1="345.44" y1="30.48" x2="345.44" y2="33.02" width="0" layer="91"/><wire x1="345.44" y1="30.48" x2="345.44" y2="33.02" width="0" layer="91"/><wire x1="345.44" y1="30.48" x2="345.44" y2="33.02" width="0" layer="91"/><wire x1="345.44" y1="30.48" x2="345.44" y2="33.02" width="0" layer="91"/><wire x1="345.44" y1="30.48" x2="345.44" y2="33.02" width="0" layer="91"/><wire x1="345.44" y1="30.48" x2="345.44" y2="33.02" width="0" layer="91"/><wire x1="345.44" y1="30.48" x2="345.44" y2="33.02" width="0" layer="91"/><wire x1="345.44" y1="30.48" x2="345.44" y2="33.02" width="0" layer="91"/><wire x1="345.44" y1="30.48" x2="345.44" y2="33.02" width="0" layer="91"/><wire x1="345.44" y1="30.48" x2="345.44" y2="33.02" width="0" layer="91"/><wire x1="345.44" y1="30.48" x2="345.44" y2="33.02" width="0" layer="91"/><wire x1="345.44" y1="30.48" x2="345.44" y2="33.02" width="0" layer="91"/><wire x1="57.15" y1="55.88" x2="57.15" y2="30.48" width="0" layer="91"/><wire x1="92.71" y1="55.88" x2="92.71" y2="30.48" width="0" layer="91"/><wire x1="121.92" y1="48.26" x2="121.92" y2="30.48" width="0" layer="91"/><wire x1="147.32" y1="40.64" x2="147.32" y2="30.48" width="0" layer="91"/><wire x1="171.45" y1="54.61" x2="171.45" y2="30.48" width="0" layer="91"/><wire x1="181.61" y1="54.61" x2="181.61" y2="30.48" width="0" layer="91"/><wire x1="228.6" y1="38.1" x2="228.6" y2="30.48" width="0" layer="91"/><wire x1="257.81" y1="38.1" x2="257.81" y2="30.48" width="0" layer="91"/><wire x1="287.02" y1="53.34" x2="287.02" y2="30.48" width="0" layer="91"/><wire x1="29.21" y1="30.48" x2="408.94" y2="30.48" width="0" layer="91"/><wire x1="29.21" y1="30.48" x2="29.21" y2="58.42" width="0" layer="91"/><wire x1="29.21" y1="30.48" x2="29.21" y2="33.02" width="0" layer="91"/><wire x1="29.21" y1="30.48" x2="29.21" y2="33.02" width="0" layer="91"/><wire x1="29.21" y1="30.48" x2="29.21" y2="33.02" width="0" layer="91"/><wire x1="29.21" y1="30.48" x2="29.21" y2="33.02" width="0" layer="91"/><wire x1="29.21" y1="30.48" x2="29.21" y2="33.02" width="0" layer="91"/><wire x1="29.21" y1="30.48" x2="29.21" y2="33.02" width="0" layer="91"/><wire x1="29.21" y1="30.48" x2="29.21" y2="33.02" width="0" layer="91"/><wire x1="29.21" y1="30.48" x2="29.21" y2="33.02" width="0" layer="91"/><wire x1="29.21" y1="30.48" x2="29.21" y2="33.02" width="0" layer="91"/><wire x1="29.21" y1="30.48" x2="29.21" y2="33.02" width="0" layer="91"/><wire x1="29.21" y1="30.48" x2="29.21" y2="33.02" width="0" layer="91"/><wire x1="29.21" y1="30.48" x2="29.21" y2="33.02" width="0" layer="91"/><wire x1="29.21" y1="30.48" x2="29.21" y2="33.02" width="0" layer="91"/><wire x1="29.21" y1="30.48" x2="29.21" y2="33.02" width="0" layer="91"/><wire x1="29.21" y1="30.48" x2="29.21" y2="33.02" width="0" layer="91"/><wire x1="29.21" y1="30.48" x2="29.21" y2="33.02" width="0" layer="91"/><wire x1="29.21" y1="30.48" x2="29.21" y2="33.02" width="0" layer="91"/><wire x1="29.21" y1="30.48" x2="29.21" y2="33.02" width="0" layer="91"/><wire x1="408.94" y1="30.48" x2="408.94" y2="43.18" width="0" layer="91"/><wire x1="408.94" y1="30.48" x2="408.94" y2="33.02" width="0" layer="91"/><wire x1="408.94" y1="30.48" x2="408.94" y2="33.02" width="0" layer="91"/><wire x1="408.94" y1="30.48" x2="408.94" y2="33.02" width="0" layer="91"/><wire x1="408.94" y1="30.48" x2="408.94" y2="33.02" width="0" layer="91"/><wire x1="408.94" y1="30.48" x2="408.94" y2="33.02" width="0" layer="91"/><wire x1="408.94" y1="30.48" x2="408.94" y2="33.02" width="0" layer="91"/><wire x1="408.94" y1="30.48" x2="408.94" y2="33.02" width="0" layer="91"/><wire x1="408.94" y1="30.48" x2="408.94" y2="33.02" width="0" layer="91"/><wire x1="408.94" y1="30.48" x2="408.94" y2="33.02" width="0" layer="91"/><wire x1="408.94" y1="30.48" x2="408.94" y2="33.02" width="0" layer="91"/><wire x1="408.94" y1="30.48" x2="408.94" y2="33.02" width="0" layer="91"/><wire x1="408.94" y1="30.48" x2="408.94" y2="33.02" width="0" layer="91"/><wire x1="408.94" y1="30.48" x2="408.94" y2="33.02" width="0" layer="91"/><wire x1="408.94" y1="30.48" x2="408.94" y2="33.02" width="0" layer="91"/><wire x1="408.94" y1="30.48" x2="408.94" y2="33.02" width="0" layer="91"/><wire x1="408.94" y1="30.48" x2="408.94" y2="33.02" width="0" layer="91"/><wire x1="408.94" y1="30.48" x2="408.94" y2="33.02" width="0" layer="91"/><wire x1="408.94" y1="30.48" x2="408.94" y2="33.02" width="0" layer="91"/><wire x1="287.02" y1="53.34" x2="322.58" y2="53.34" width="0" layer="91"/><wire x1="345.44" y1="40.64" x2="381" y2="40.64" width="0" layer="91"/></segment></net><net name="4" class="0"><segment><pinref part="Css" pin="1@1" gate="1"/><pinref part="U1" pin="SS@6" gate="1"/><wire x1="163.83" y1="63.5" x2="147.32" y2="63.5" width="0" layer="91"/><wire x1="147.32" y1="63.5" x2="147.32" y2="55.88" width="0" layer="91"/></segment></net><net name="5" class="0"><segment><pinref part="Rfbb" pin="1@1" gate="1"/><pinref part="U1" pin="FB@10" gate="1"/><pinref part="Rfbt" pin="2@2" gate="1"/><wire x1="199.39" y1="81.28" x2="207.01" y2="81.28" width="0" layer="91"/><wire x1="207.01" y1="81.28" x2="207.01" y2="66.04" width="0" layer="91"/><wire x1="207.01" y1="66.04" x2="257.81" y2="66.04" width="0" layer="91"/><wire x1="257.81" y1="53.34" x2="257.81" y2="68.58" width="0" layer="91"/></segment></net><net name="10" class="0"><segment><pinref part="Ccomp" pin="1@1" gate="1"/><pinref part="Rcomp" pin="1@1" gate="1"/><wire x1="224.79" y1="58.42" x2="228.6" y2="58.42" width="0" layer="91"/><wire x1="228.6" y1="53.34" x2="228.6" y2="58.42" width="0" layer="91"/></segment></net><net name="6" class="0"><segment><pinref part="Ccomp2" pin="2@2" gate="1"/><pinref part="Rcomp" pin="2@2" gate="1"/><pinref part="U1" pin="COMP@9" gate="1"/><wire x1="201.93" y1="45.72" x2="201.93" y2="73.66" width="0" layer="91"/><wire x1="199.39" y1="73.66" x2="201.93" y2="73.66" width="0" layer="91"/><wire x1="209.55" y1="58.42" x2="201.93" y2="58.42" width="0" layer="91"/></segment></net><net name="8" class="0"><segment><pinref part="Rt" pin="1@1" gate="1"/><pinref part="U1" pin="FREQ@11" gate="1"/><wire x1="121.92" y1="63.5" x2="121.92" y2="76.2" width="0" layer="91"/><wire x1="163.83" y1="76.2" x2="121.92" y2="76.2" width="0" layer="91"/></segment></net><net name="2" class="0"><segment><pinref part="Cout" pin="1@1" gate="1"/><pinref part="D1" pin="K@2" gate="1"/><pinref part="Rfbt" pin="1@1" gate="1"/><pinref part="Coutx" pin="1@1" gate="1"/><pinref part="Iout" pin="+@1" gate="1"/><pinref part="Cout_2" pin="1@1" gate="1"/><pinref part="Cout_3" pin="1@1" gate="1"/><pinref part="Coutx_2" pin="1@1" gate="1"/><pinref part="Coutx_3" pin="1@1" gate="1"/><wire x1="345.44" y1="55.88" x2="345.44" y2="86.36" width="0" layer="91"/><wire x1="345.44" y1="83.82" x2="345.44" y2="86.36" width="0" layer="91"/><wire x1="345.44" y1="83.82" x2="345.44" y2="86.36" width="0" layer="91"/><wire x1="345.44" y1="83.82" x2="345.44" y2="86.36" width="0" layer="91"/><wire x1="345.44" y1="83.82" x2="345.44" y2="86.36" width="0" layer="91"/><wire x1="345.44" y1="83.82" x2="345.44" y2="86.36" width="0" layer="91"/><wire x1="345.44" y1="83.82" x2="345.44" y2="86.36" width="0" layer="91"/><wire x1="345.44" y1="83.82" x2="345.44" y2="86.36" width="0" layer="91"/><wire x1="345.44" y1="83.82" x2="345.44" y2="86.36" width="0" layer="91"/><wire x1="345.44" y1="83.82" x2="345.44" y2="86.36" width="0" layer="91"/><wire x1="345.44" y1="83.82" x2="345.44" y2="86.36" width="0" layer="91"/><wire x1="345.44" y1="83.82" x2="345.44" y2="86.36" width="0" layer="91"/><wire x1="345.44" y1="83.82" x2="345.44" y2="86.36" width="0" layer="91"/><wire x1="345.44" y1="83.82" x2="345.44" y2="86.36" width="0" layer="91"/><wire x1="345.44" y1="83.82" x2="345.44" y2="86.36" width="0" layer="91"/><wire x1="345.44" y1="83.82" x2="345.44" y2="86.36" width="0" layer="91"/><wire x1="345.44" y1="83.82" x2="345.44" y2="86.36" width="0" layer="91"/><wire x1="345.44" y1="83.82" x2="345.44" y2="86.36" width="0" layer="91"/><wire x1="345.44" y1="83.82" x2="345.44" y2="86.36" width="0" layer="91"/><wire x1="257.81" y1="83.82" x2="257.81" y2="86.36" width="0" layer="91"/><wire x1="287.02" y1="68.58" x2="287.02" y2="86.36" width="0" layer="91"/><wire x1="287.02" y1="68.58" x2="287.02" y2="76.2" width="0" layer="91"/><wire x1="246.38" y1="86.36" x2="408.94" y2="86.36" width="0" layer="91"/><wire x1="287.02" y1="68.58" x2="287.02" y2="76.2" width="0" layer="91"/><wire x1="287.02" y1="68.58" x2="287.02" y2="76.2" width="0" layer="91"/><wire x1="287.02" y1="68.58" x2="287.02" y2="76.2" width="0" layer="91"/><wire x1="287.02" y1="68.58" x2="287.02" y2="76.2" width="0" layer="91"/><wire x1="287.02" y1="68.58" x2="287.02" y2="76.2" width="0" layer="91"/><wire x1="287.02" y1="68.58" x2="287.02" y2="76.2" width="0" layer="91"/><wire x1="287.02" y1="68.58" x2="287.02" y2="76.2" width="0" layer="91"/><wire x1="287.02" y1="68.58" x2="287.02" y2="76.2" width="0" layer="91"/><wire x1="287.02" y1="68.58" x2="287.02" y2="76.2" width="0" layer="91"/><wire x1="287.02" y1="68.58" x2="287.02" y2="76.2" width="0" layer="91"/><wire x1="287.02" y1="68.58" x2="287.02" y2="76.2" width="0" layer="91"/><wire x1="287.02" y1="68.58" x2="287.02" y2="76.2" width="0" layer="91"/><wire x1="287.02" y1="68.58" x2="287.02" y2="76.2" width="0" layer="91"/><wire x1="287.02" y1="68.58" x2="287.02" y2="76.2" width="0" layer="91"/><wire x1="287.02" y1="68.58" x2="287.02" y2="76.2" width="0" layer="91"/><wire x1="287.02" y1="68.58" x2="287.02" y2="76.2" width="0" layer="91"/><wire x1="287.02" y1="68.58" x2="287.02" y2="76.2" width="0" layer="91"/><wire x1="408.94" y1="58.42" x2="408.94" y2="86.36" width="0" layer="91"/><wire x1="408.94" y1="83.82" x2="408.94" y2="86.36" width="0" layer="91"/><wire x1="408.94" y1="83.82" x2="408.94" y2="86.36" width="0" layer="91"/><wire x1="408.94" y1="83.82" x2="408.94" y2="86.36" width="0" layer="91"/><wire x1="408.94" y1="83.82" x2="408.94" y2="86.36" width="0" layer="91"/><wire x1="408.94" y1="83.82" x2="408.94" y2="86.36" width="0" layer="91"/><wire x1="408.94" y1="83.82" x2="408.94" y2="86.36" width="0" layer="91"/><wire x1="408.94" y1="83.82" x2="408.94" y2="86.36" width="0" layer="91"/><wire x1="408.94" y1="83.82" x2="408.94" y2="86.36" width="0" layer="91"/><wire x1="408.94" y1="83.82" x2="408.94" y2="86.36" width="0" layer="91"/><wire x1="408.94" y1="83.82" x2="408.94" y2="86.36" width="0" layer="91"/><wire x1="408.94" y1="83.82" x2="408.94" y2="86.36" width="0" layer="91"/><wire x1="408.94" y1="83.82" x2="408.94" y2="86.36" width="0" layer="91"/><wire x1="408.94" y1="83.82" x2="408.94" y2="86.36" width="0" layer="91"/><wire x1="408.94" y1="83.82" x2="408.94" y2="86.36" width="0" layer="91"/><wire x1="408.94" y1="83.82" x2="408.94" y2="86.36" width="0" layer="91"/><wire x1="408.94" y1="83.82" x2="408.94" y2="86.36" width="0" layer="91"/><wire x1="408.94" y1="83.82" x2="408.94" y2="86.36" width="0" layer="91"/><wire x1="408.94" y1="83.82" x2="408.94" y2="86.36" width="0" layer="91"/><wire x1="287.02" y1="68.58" x2="322.58" y2="68.58" width="0" layer="91"/><wire x1="345.44" y1="55.88" x2="381" y2="55.88" width="0" layer="91"/></segment></net><net name="7" class="0"><segment><pinref part="D1" pin="A@1" gate="1"/><pinref part="L1" pin="2@2" gate="1"/><pinref part="U1" pin="SW@1" gate="1"/><pinref part="U1" pin="SW@3" gate="1"/><pinref part="U1" pin="SW@2" gate="1"/><wire x1="213.36" y1="113.03" x2="198.12" y2="113.03" width="0" layer="91"/><wire x1="213.36" y1="86.36" x2="213.36" y2="113.03" width="0" layer="91"/><wire x1="199.39" y1="86.36" x2="231.14" y2="86.36" width="0" layer="91"/></segment></net></nets></sheet></sheets></schematic></drawing></eagle>
